IF UPPER('$(INSERT_TEST_DATA)') = 'TRUE' AND NOT EXISTS (SELECT * FROM competitions.Competitions)
BEGIN
    DECLARE @organisationId NVARCHAR(3) = (SELECT Id FROM organisations.Organisations WHERE ExternalIdentifier = 'QWO');

    SET IDENTITY_INSERT [competitions].[Competitions] ON

    INSERT [competitions].[Competitions] ([Id], [Name], [Description], [FilterId], [OrganisationId], [LastUpdated], [ShortlistAccepted], [Completed], [IsDeleted], [ContractLength], [IncludesNonPrice]) VALUES (1, N'Competition at Solution Selection stage', N'This competition will take you directly to the solution selection stage as no solutions have yet been shortlisted', 2, @organisationId, GETUTCDATE(), NULL, NULL, 0, NULL, NULL)
    INSERT [competitions].[Competitions] ([Id], [Name], [Description], [FilterId], [OrganisationId], [LastUpdated], [ShortlistAccepted], [Completed], [IsDeleted], [ContractLength], [IncludesNonPrice]) VALUES (2, N'Competition at Solution Justification stage', N'This competition will take you to the stage of justifying why you haven''t picked certain solutions', 2, @organisationId, GETUTCDATE(), NULL, NULL, 0, NULL, NULL)
    INSERT [competitions].[Competitions] ([Id], [Name], [Description], [FilterId], [OrganisationId], [LastUpdated], [ShortlistAccepted], [Completed], [IsDeleted], [ContractLength], [IncludesNonPrice]) VALUES (3, N'Competition at Solution Confirmation stage', N'This competition will take you to the solution confirmation page and should contain several shortlisted and non-shortlisted solutions', 2, @organisationId, GETUTCDATE(), NULL, NULL, 0, NULL, NULL)
    INSERT [competitions].[Competitions] ([Id], [Name], [Description], [FilterId], [OrganisationId], [LastUpdated], [ShortlistAccepted], [Completed], [IsDeleted], [ContractLength], [IncludesNonPrice]) VALUES (4, N'Competition at Task List - Solutions confirmed', N'This competition will take you directly to the task list at the shortlisted solutions stage', 2, @organisationId, GETUTCDATE(), GETUTCDATE(), NULL, 0, NULL, NULL)
    INSERT [competitions].[Competitions] ([Id], [Name], [Description], [FilterId], [OrganisationId], [LastUpdated], [ShortlistAccepted], [Completed], [IsDeleted], [ContractLength], [IncludesNonPrice]) VALUES (5, N'Competition at Task List - Recipients Confirmed', N'This competition will take you directly to the task list at the contract length stage', 2, @organisationId, GETUTCDATE(), GETUTCDATE(), NULL, 0, NULL, NULL)
    INSERT [competitions].[Competitions] ([Id], [Name], [Description], [FilterId], [OrganisationId], [LastUpdated], [ShortlistAccepted], [Completed], [IsDeleted], [ContractLength], [IncludesNonPrice]) VALUES (6, N'Competition at Task List - Contract Length Completed', N'This competition will take you directly to the task list at the award criteria stage', 2, @organisationId, GETUTCDATE(), GETUTCDATE(), NULL, 0, 24, NULL)
    INSERT [competitions].[Competitions] ([Id], [Name], [Description], [FilterId], [OrganisationId], [LastUpdated], [ShortlistAccepted], [Completed], [IsDeleted], [ContractLength], [IncludesNonPrice]) VALUES (7, N'Competition at Task List - Price Only', N'This competition will take you directly to the task list for a price only award criteria', 2, @organisationId, GETUTCDATE(), GETUTCDATE(), NULL, 0, 22, 0)
    INSERT [competitions].[Competitions] ([Id], [Name], [Description], [FilterId], [OrganisationId], [LastUpdated], [ShortlistAccepted], [Completed], [IsDeleted], [ContractLength], [IncludesNonPrice]) VALUES (8, N'Competition at Task List - Price and Non-price', N'This competition will take you directly to the task list for a price and non-price award criteria', 2, @organisationId, GETUTCDATE(), GETUTCDATE(), NULL, 0, 15, 1)
    SET IDENTITY_INSERT [competitions].[Competitions] OFF

    INSERT [competitions].[CompetitionSolutions] ([CompetitionId], [SolutionId], [IsShortlisted], [Justification]) VALUES (1, N'10000-001', 0, NULL)
    INSERT [competitions].[CompetitionSolutions] ([CompetitionId], [SolutionId], [IsShortlisted], [Justification]) VALUES (1, N'10000-002', 0, NULL)
    INSERT [competitions].[CompetitionSolutions] ([CompetitionId], [SolutionId], [IsShortlisted], [Justification]) VALUES (1, N'10000-062', 0, NULL)
    INSERT [competitions].[CompetitionSolutions] ([CompetitionId], [SolutionId], [IsShortlisted], [Justification]) VALUES (1, N'10029-003', 0, NULL)
    INSERT [competitions].[CompetitionSolutions] ([CompetitionId], [SolutionId], [IsShortlisted], [Justification]) VALUES (1, N'10030-001', 0, NULL)
    INSERT [competitions].[CompetitionSolutions] ([CompetitionId], [SolutionId], [IsShortlisted], [Justification]) VALUES (1, N'10052-002', 0, NULL)
    INSERT [competitions].[CompetitionSolutions] ([CompetitionId], [SolutionId], [IsShortlisted], [Justification]) VALUES (1, N'99999-89', 0, NULL)
    INSERT [competitions].[CompetitionSolutions] ([CompetitionId], [SolutionId], [IsShortlisted], [Justification]) VALUES (2, N'10000-001', 1, NULL)
    INSERT [competitions].[CompetitionSolutions] ([CompetitionId], [SolutionId], [IsShortlisted], [Justification]) VALUES (2, N'10000-002', 1, NULL)
    INSERT [competitions].[CompetitionSolutions] ([CompetitionId], [SolutionId], [IsShortlisted], [Justification]) VALUES (2, N'10000-062', 0, NULL)
    INSERT [competitions].[CompetitionSolutions] ([CompetitionId], [SolutionId], [IsShortlisted], [Justification]) VALUES (2, N'10029-003', 1, NULL)
    INSERT [competitions].[CompetitionSolutions] ([CompetitionId], [SolutionId], [IsShortlisted], [Justification]) VALUES (2, N'10030-001', 1, NULL)
    INSERT [competitions].[CompetitionSolutions] ([CompetitionId], [SolutionId], [IsShortlisted], [Justification]) VALUES (2, N'10052-002', 0, NULL)
    INSERT [competitions].[CompetitionSolutions] ([CompetitionId], [SolutionId], [IsShortlisted], [Justification]) VALUES (2, N'99999-89', 1, NULL)
    INSERT [competitions].[CompetitionSolutions] ([CompetitionId], [SolutionId], [IsShortlisted], [Justification]) VALUES (3, N'10000-001', 1, NULL)
    INSERT [competitions].[CompetitionSolutions] ([CompetitionId], [SolutionId], [IsShortlisted], [Justification]) VALUES (3, N'10000-002', 1, NULL)
    INSERT [competitions].[CompetitionSolutions] ([CompetitionId], [SolutionId], [IsShortlisted], [Justification]) VALUES (3, N'10000-062', 0, N'Test data')
    INSERT [competitions].[CompetitionSolutions] ([CompetitionId], [SolutionId], [IsShortlisted], [Justification]) VALUES (3, N'10029-003', 1, NULL)
    INSERT [competitions].[CompetitionSolutions] ([CompetitionId], [SolutionId], [IsShortlisted], [Justification]) VALUES (3, N'10030-001', 1, NULL)
    INSERT [competitions].[CompetitionSolutions] ([CompetitionId], [SolutionId], [IsShortlisted], [Justification]) VALUES (3, N'10052-002', 0, N'Test data')
    INSERT [competitions].[CompetitionSolutions] ([CompetitionId], [SolutionId], [IsShortlisted], [Justification]) VALUES (3, N'99999-89', 1, NULL)
    INSERT [competitions].[CompetitionSolutions] ([CompetitionId], [SolutionId], [IsShortlisted], [Justification]) VALUES (4, N'10000-001', 1, NULL)
    INSERT [competitions].[CompetitionSolutions] ([CompetitionId], [SolutionId], [IsShortlisted], [Justification]) VALUES (4, N'10000-002', 1, NULL)
    INSERT [competitions].[CompetitionSolutions] ([CompetitionId], [SolutionId], [IsShortlisted], [Justification]) VALUES (4, N'10000-062', 0, N'Test data')
    INSERT [competitions].[CompetitionSolutions] ([CompetitionId], [SolutionId], [IsShortlisted], [Justification]) VALUES (4, N'10029-003', 1, NULL)
    INSERT [competitions].[CompetitionSolutions] ([CompetitionId], [SolutionId], [IsShortlisted], [Justification]) VALUES (4, N'10030-001', 1, NULL)
    INSERT [competitions].[CompetitionSolutions] ([CompetitionId], [SolutionId], [IsShortlisted], [Justification]) VALUES (4, N'10052-002', 0, N'Test data')
    INSERT [competitions].[CompetitionSolutions] ([CompetitionId], [SolutionId], [IsShortlisted], [Justification]) VALUES (4, N'99999-89', 1, NULL)
    INSERT [competitions].[CompetitionSolutions] ([CompetitionId], [SolutionId], [IsShortlisted], [Justification]) VALUES (5, N'10000-001', 1, NULL)
    INSERT [competitions].[CompetitionSolutions] ([CompetitionId], [SolutionId], [IsShortlisted], [Justification]) VALUES (5, N'10000-002', 1, NULL)
    INSERT [competitions].[CompetitionSolutions] ([CompetitionId], [SolutionId], [IsShortlisted], [Justification]) VALUES (5, N'10000-062', 1, NULL)
    INSERT [competitions].[CompetitionSolutions] ([CompetitionId], [SolutionId], [IsShortlisted], [Justification]) VALUES (5, N'10029-003', 1, NULL)
    INSERT [competitions].[CompetitionSolutions] ([CompetitionId], [SolutionId], [IsShortlisted], [Justification]) VALUES (5, N'10030-001', 1, NULL)
    INSERT [competitions].[CompetitionSolutions] ([CompetitionId], [SolutionId], [IsShortlisted], [Justification]) VALUES (5, N'10052-002', 1, NULL)
    INSERT [competitions].[CompetitionSolutions] ([CompetitionId], [SolutionId], [IsShortlisted], [Justification]) VALUES (5, N'99999-89', 1, NULL)
    INSERT [competitions].[CompetitionSolutions] ([CompetitionId], [SolutionId], [IsShortlisted], [Justification]) VALUES (6, N'10000-001', 1, NULL)
    INSERT [competitions].[CompetitionSolutions] ([CompetitionId], [SolutionId], [IsShortlisted], [Justification]) VALUES (6, N'10000-002', 1, NULL)
    INSERT [competitions].[CompetitionSolutions] ([CompetitionId], [SolutionId], [IsShortlisted], [Justification]) VALUES (6, N'10000-062', 1, NULL)
    INSERT [competitions].[CompetitionSolutions] ([CompetitionId], [SolutionId], [IsShortlisted], [Justification]) VALUES (6, N'10029-003', 1, NULL)
    INSERT [competitions].[CompetitionSolutions] ([CompetitionId], [SolutionId], [IsShortlisted], [Justification]) VALUES (6, N'10030-001', 1, NULL)
    INSERT [competitions].[CompetitionSolutions] ([CompetitionId], [SolutionId], [IsShortlisted], [Justification]) VALUES (6, N'10052-002', 1, NULL)
    INSERT [competitions].[CompetitionSolutions] ([CompetitionId], [SolutionId], [IsShortlisted], [Justification]) VALUES (6, N'99999-89', 1, NULL)
    INSERT [competitions].[CompetitionSolutions] ([CompetitionId], [SolutionId], [IsShortlisted], [Justification]) VALUES (7, N'10000-001', 1, NULL)
    INSERT [competitions].[CompetitionSolutions] ([CompetitionId], [SolutionId], [IsShortlisted], [Justification]) VALUES (7, N'10000-002', 1, NULL)
    INSERT [competitions].[CompetitionSolutions] ([CompetitionId], [SolutionId], [IsShortlisted], [Justification]) VALUES (7, N'10000-062', 1, NULL)
    INSERT [competitions].[CompetitionSolutions] ([CompetitionId], [SolutionId], [IsShortlisted], [Justification]) VALUES (7, N'10029-003', 1, NULL)
    INSERT [competitions].[CompetitionSolutions] ([CompetitionId], [SolutionId], [IsShortlisted], [Justification]) VALUES (7, N'10030-001', 1, NULL)
    INSERT [competitions].[CompetitionSolutions] ([CompetitionId], [SolutionId], [IsShortlisted], [Justification]) VALUES (7, N'10052-002', 1, NULL)
    INSERT [competitions].[CompetitionSolutions] ([CompetitionId], [SolutionId], [IsShortlisted], [Justification]) VALUES (7, N'99999-89', 1, NULL)
    INSERT [competitions].[CompetitionSolutions] ([CompetitionId], [SolutionId], [IsShortlisted], [Justification]) VALUES (8, N'10000-001', 1, NULL)
    INSERT [competitions].[CompetitionSolutions] ([CompetitionId], [SolutionId], [IsShortlisted], [Justification]) VALUES (8, N'10000-002', 1, NULL)
    INSERT [competitions].[CompetitionSolutions] ([CompetitionId], [SolutionId], [IsShortlisted], [Justification]) VALUES (8, N'10000-062', 1, NULL)
    INSERT [competitions].[CompetitionSolutions] ([CompetitionId], [SolutionId], [IsShortlisted], [Justification]) VALUES (8, N'10029-003', 1, NULL)
    INSERT [competitions].[CompetitionSolutions] ([CompetitionId], [SolutionId], [IsShortlisted], [Justification]) VALUES (8, N'10030-001', 1, NULL)
    INSERT [competitions].[CompetitionSolutions] ([CompetitionId], [SolutionId], [IsShortlisted], [Justification]) VALUES (8, N'10052-002', 1, NULL)
    INSERT [competitions].[CompetitionSolutions] ([CompetitionId], [SolutionId], [IsShortlisted], [Justification]) VALUES (8, N'99999-89', 1, NULL)

    BEGIN -- Service Recipients
        INSERT [competitions].[CompetitionRecipients] ([CompetitionId], [OdsCode]) VALUES (5, N'A99905')
        INSERT [competitions].[CompetitionRecipients] ([CompetitionId], [OdsCode]) VALUES (5, N'A99930')
        INSERT [competitions].[CompetitionRecipients] ([CompetitionId], [OdsCode]) VALUES (5, N'A99973')
        INSERT [competitions].[CompetitionRecipients] ([CompetitionId], [OdsCode]) VALUES (5, N'B82007')
        INSERT [competitions].[CompetitionRecipients] ([CompetitionId], [OdsCode]) VALUES (5, N'B82053')
        INSERT [competitions].[CompetitionRecipients] ([CompetitionId], [OdsCode]) VALUES (5, N'B83002')
        INSERT [competitions].[CompetitionRecipients] ([CompetitionId], [OdsCode]) VALUES (5, N'B83005')
        INSERT [competitions].[CompetitionRecipients] ([CompetitionId], [OdsCode]) VALUES (5, N'B83008')
        INSERT [competitions].[CompetitionRecipients] ([CompetitionId], [OdsCode]) VALUES (5, N'B83009')
        INSERT [competitions].[CompetitionRecipients] ([CompetitionId], [OdsCode]) VALUES (5, N'B83010')
        INSERT [competitions].[CompetitionRecipients] ([CompetitionId], [OdsCode]) VALUES (5, N'B83012')
        INSERT [competitions].[CompetitionRecipients] ([CompetitionId], [OdsCode]) VALUES (5, N'B83014')
        INSERT [competitions].[CompetitionRecipients] ([CompetitionId], [OdsCode]) VALUES (5, N'B83015')
        INSERT [competitions].[CompetitionRecipients] ([CompetitionId], [OdsCode]) VALUES (5, N'B83016')
        INSERT [competitions].[CompetitionRecipients] ([CompetitionId], [OdsCode]) VALUES (5, N'B83017')
        INSERT [competitions].[CompetitionRecipients] ([CompetitionId], [OdsCode]) VALUES (5, N'B83018')
        INSERT [competitions].[CompetitionRecipients] ([CompetitionId], [OdsCode]) VALUES (5, N'B83019')
        INSERT [competitions].[CompetitionRecipients] ([CompetitionId], [OdsCode]) VALUES (5, N'B83020')
        INSERT [competitions].[CompetitionRecipients] ([CompetitionId], [OdsCode]) VALUES (5, N'B83022')
        INSERT [competitions].[CompetitionRecipients] ([CompetitionId], [OdsCode]) VALUES (5, N'B83023')
        INSERT [competitions].[CompetitionRecipients] ([CompetitionId], [OdsCode]) VALUES (5, N'B83025')
        INSERT [competitions].[CompetitionRecipients] ([CompetitionId], [OdsCode]) VALUES (5, N'B83026')
        INSERT [competitions].[CompetitionRecipients] ([CompetitionId], [OdsCode]) VALUES (5, N'B83028')
        INSERT [competitions].[CompetitionRecipients] ([CompetitionId], [OdsCode]) VALUES (5, N'B83029')
        INSERT [competitions].[CompetitionRecipients] ([CompetitionId], [OdsCode]) VALUES (5, N'B83030')
        INSERT [competitions].[CompetitionRecipients] ([CompetitionId], [OdsCode]) VALUES (5, N'B83031')
        INSERT [competitions].[CompetitionRecipients] ([CompetitionId], [OdsCode]) VALUES (5, N'B83032')
        INSERT [competitions].[CompetitionRecipients] ([CompetitionId], [OdsCode]) VALUES (5, N'B83033')
        INSERT [competitions].[CompetitionRecipients] ([CompetitionId], [OdsCode]) VALUES (5, N'B83034')
        INSERT [competitions].[CompetitionRecipients] ([CompetitionId], [OdsCode]) VALUES (5, N'B83035')
        INSERT [competitions].[CompetitionRecipients] ([CompetitionId], [OdsCode]) VALUES (5, N'B83037')
        INSERT [competitions].[CompetitionRecipients] ([CompetitionId], [OdsCode]) VALUES (5, N'B83038')
        INSERT [competitions].[CompetitionRecipients] ([CompetitionId], [OdsCode]) VALUES (5, N'B83039')
        INSERT [competitions].[CompetitionRecipients] ([CompetitionId], [OdsCode]) VALUES (5, N'B83041')
        INSERT [competitions].[CompetitionRecipients] ([CompetitionId], [OdsCode]) VALUES (5, N'B83042')
        INSERT [competitions].[CompetitionRecipients] ([CompetitionId], [OdsCode]) VALUES (5, N'B83045')
        INSERT [competitions].[CompetitionRecipients] ([CompetitionId], [OdsCode]) VALUES (5, N'B83051')
        INSERT [competitions].[CompetitionRecipients] ([CompetitionId], [OdsCode]) VALUES (5, N'B83052')
        INSERT [competitions].[CompetitionRecipients] ([CompetitionId], [OdsCode]) VALUES (5, N'B83054')
        INSERT [competitions].[CompetitionRecipients] ([CompetitionId], [OdsCode]) VALUES (5, N'B83055')
        INSERT [competitions].[CompetitionRecipients] ([CompetitionId], [OdsCode]) VALUES (5, N'B83056')
        INSERT [competitions].[CompetitionRecipients] ([CompetitionId], [OdsCode]) VALUES (5, N'B83058')
        INSERT [competitions].[CompetitionRecipients] ([CompetitionId], [OdsCode]) VALUES (5, N'B83062')
        INSERT [competitions].[CompetitionRecipients] ([CompetitionId], [OdsCode]) VALUES (5, N'B83063')
        INSERT [competitions].[CompetitionRecipients] ([CompetitionId], [OdsCode]) VALUES (5, N'B83064')
        INSERT [competitions].[CompetitionRecipients] ([CompetitionId], [OdsCode]) VALUES (5, N'B83067')
        INSERT [competitions].[CompetitionRecipients] ([CompetitionId], [OdsCode]) VALUES (5, N'B83602')
        INSERT [competitions].[CompetitionRecipients] ([CompetitionId], [OdsCode]) VALUES (5, N'B83604')
        INSERT [competitions].[CompetitionRecipients] ([CompetitionId], [OdsCode]) VALUES (5, N'B83611')
        INSERT [competitions].[CompetitionRecipients] ([CompetitionId], [OdsCode]) VALUES (5, N'B83614')
        INSERT [competitions].[CompetitionRecipients] ([CompetitionId], [OdsCode]) VALUES (5, N'B83617')
        INSERT [competitions].[CompetitionRecipients] ([CompetitionId], [OdsCode]) VALUES (5, N'B83620')
        INSERT [competitions].[CompetitionRecipients] ([CompetitionId], [OdsCode]) VALUES (5, N'B83621')
        INSERT [competitions].[CompetitionRecipients] ([CompetitionId], [OdsCode]) VALUES (5, N'B83622')
        INSERT [competitions].[CompetitionRecipients] ([CompetitionId], [OdsCode]) VALUES (5, N'B83624')
        INSERT [competitions].[CompetitionRecipients] ([CompetitionId], [OdsCode]) VALUES (5, N'B83626')
        INSERT [competitions].[CompetitionRecipients] ([CompetitionId], [OdsCode]) VALUES (5, N'B83627')
        INSERT [competitions].[CompetitionRecipients] ([CompetitionId], [OdsCode]) VALUES (5, N'B83628')
        INSERT [competitions].[CompetitionRecipients] ([CompetitionId], [OdsCode]) VALUES (5, N'B83629')
        INSERT [competitions].[CompetitionRecipients] ([CompetitionId], [OdsCode]) VALUES (5, N'B83641')
        INSERT [competitions].[CompetitionRecipients] ([CompetitionId], [OdsCode]) VALUES (5, N'B83642')
        INSERT [competitions].[CompetitionRecipients] ([CompetitionId], [OdsCode]) VALUES (5, N'B83653')
        INSERT [competitions].[CompetitionRecipients] ([CompetitionId], [OdsCode]) VALUES (5, N'B83657')
        INSERT [competitions].[CompetitionRecipients] ([CompetitionId], [OdsCode]) VALUES (5, N'B83659')
        INSERT [competitions].[CompetitionRecipients] ([CompetitionId], [OdsCode]) VALUES (5, N'B83660')
        INSERT [competitions].[CompetitionRecipients] ([CompetitionId], [OdsCode]) VALUES (5, N'B83661')
        INSERT [competitions].[CompetitionRecipients] ([CompetitionId], [OdsCode]) VALUES (5, N'B83662')
        INSERT [competitions].[CompetitionRecipients] ([CompetitionId], [OdsCode]) VALUES (5, N'B83666')
        INSERT [competitions].[CompetitionRecipients] ([CompetitionId], [OdsCode]) VALUES (5, N'B83667')
        INSERT [competitions].[CompetitionRecipients] ([CompetitionId], [OdsCode]) VALUES (5, N'B83699')
        INSERT [competitions].[CompetitionRecipients] ([CompetitionId], [OdsCode]) VALUES (5, N'B84001')
        INSERT [competitions].[CompetitionRecipients] ([CompetitionId], [OdsCode]) VALUES (5, N'B84003')
        INSERT [competitions].[CompetitionRecipients] ([CompetitionId], [OdsCode]) VALUES (5, N'B84004')
        INSERT [competitions].[CompetitionRecipients] ([CompetitionId], [OdsCode]) VALUES (5, N'B84005')
        INSERT [competitions].[CompetitionRecipients] ([CompetitionId], [OdsCode]) VALUES (5, N'B84006')
        INSERT [competitions].[CompetitionRecipients] ([CompetitionId], [OdsCode]) VALUES (5, N'B84007')
        INSERT [competitions].[CompetitionRecipients] ([CompetitionId], [OdsCode]) VALUES (5, N'B84008')
        INSERT [competitions].[CompetitionRecipients] ([CompetitionId], [OdsCode]) VALUES (5, N'B84009')
        INSERT [competitions].[CompetitionRecipients] ([CompetitionId], [OdsCode]) VALUES (5, N'B84010')
        INSERT [competitions].[CompetitionRecipients] ([CompetitionId], [OdsCode]) VALUES (5, N'B84011')
        INSERT [competitions].[CompetitionRecipients] ([CompetitionId], [OdsCode]) VALUES (5, N'B84012')
        INSERT [competitions].[CompetitionRecipients] ([CompetitionId], [OdsCode]) VALUES (5, N'B84013')
        INSERT [competitions].[CompetitionRecipients] ([CompetitionId], [OdsCode]) VALUES (5, N'B84014')
        INSERT [competitions].[CompetitionRecipients] ([CompetitionId], [OdsCode]) VALUES (5, N'B84016')
        INSERT [competitions].[CompetitionRecipients] ([CompetitionId], [OdsCode]) VALUES (5, N'B84019')
        INSERT [competitions].[CompetitionRecipients] ([CompetitionId], [OdsCode]) VALUES (5, N'B84021')
        INSERT [competitions].[CompetitionRecipients] ([CompetitionId], [OdsCode]) VALUES (5, N'B84612')
        INSERT [competitions].[CompetitionRecipients] ([CompetitionId], [OdsCode]) VALUES (5, N'B84613')
        INSERT [competitions].[CompetitionRecipients] ([CompetitionId], [OdsCode]) VALUES (5, N'B84618')
        INSERT [competitions].[CompetitionRecipients] ([CompetitionId], [OdsCode]) VALUES (5, N'B84623')
        INSERT [competitions].[CompetitionRecipients] ([CompetitionId], [OdsCode]) VALUES (5, N'B85001')
        INSERT [competitions].[CompetitionRecipients] ([CompetitionId], [OdsCode]) VALUES (5, N'B85002')
        INSERT [competitions].[CompetitionRecipients] ([CompetitionId], [OdsCode]) VALUES (5, N'B85004')
        INSERT [competitions].[CompetitionRecipients] ([CompetitionId], [OdsCode]) VALUES (5, N'B85005')
        INSERT [competitions].[CompetitionRecipients] ([CompetitionId], [OdsCode]) VALUES (5, N'B85006')
        INSERT [competitions].[CompetitionRecipients] ([CompetitionId], [OdsCode]) VALUES (5, N'B85008')
        INSERT [competitions].[CompetitionRecipients] ([CompetitionId], [OdsCode]) VALUES (5, N'B85009')
        INSERT [competitions].[CompetitionRecipients] ([CompetitionId], [OdsCode]) VALUES (5, N'B85010')
        INSERT [competitions].[CompetitionRecipients] ([CompetitionId], [OdsCode]) VALUES (5, N'B85012')
        INSERT [competitions].[CompetitionRecipients] ([CompetitionId], [OdsCode]) VALUES (5, N'B85014')

        INSERT [competitions].[CompetitionRecipients] ([CompetitionId], [OdsCode]) VALUES (5, N'B85015')
        INSERT [competitions].[CompetitionRecipients] ([CompetitionId], [OdsCode]) VALUES (5, N'B85016')
        INSERT [competitions].[CompetitionRecipients] ([CompetitionId], [OdsCode]) VALUES (5, N'B85018')
        INSERT [competitions].[CompetitionRecipients] ([CompetitionId], [OdsCode]) VALUES (5, N'B85019')
        INSERT [competitions].[CompetitionRecipients] ([CompetitionId], [OdsCode]) VALUES (5, N'B85020')
        INSERT [competitions].[CompetitionRecipients] ([CompetitionId], [OdsCode]) VALUES (5, N'B85021')
        INSERT [competitions].[CompetitionRecipients] ([CompetitionId], [OdsCode]) VALUES (5, N'B85022')
        INSERT [competitions].[CompetitionRecipients] ([CompetitionId], [OdsCode]) VALUES (5, N'B85023')
        INSERT [competitions].[CompetitionRecipients] ([CompetitionId], [OdsCode]) VALUES (5, N'B85024')
        INSERT [competitions].[CompetitionRecipients] ([CompetitionId], [OdsCode]) VALUES (5, N'B85025')
        INSERT [competitions].[CompetitionRecipients] ([CompetitionId], [OdsCode]) VALUES (5, N'B85026')
        INSERT [competitions].[CompetitionRecipients] ([CompetitionId], [OdsCode]) VALUES (5, N'B85027')
        INSERT [competitions].[CompetitionRecipients] ([CompetitionId], [OdsCode]) VALUES (5, N'B85028')
        INSERT [competitions].[CompetitionRecipients] ([CompetitionId], [OdsCode]) VALUES (5, N'B85030')
        INSERT [competitions].[CompetitionRecipients] ([CompetitionId], [OdsCode]) VALUES (5, N'B85031')
        INSERT [competitions].[CompetitionRecipients] ([CompetitionId], [OdsCode]) VALUES (5, N'B85032')
        INSERT [competitions].[CompetitionRecipients] ([CompetitionId], [OdsCode]) VALUES (5, N'B85033')
        INSERT [competitions].[CompetitionRecipients] ([CompetitionId], [OdsCode]) VALUES (5, N'B85036')
        INSERT [competitions].[CompetitionRecipients] ([CompetitionId], [OdsCode]) VALUES (5, N'B85037')
        INSERT [competitions].[CompetitionRecipients] ([CompetitionId], [OdsCode]) VALUES (5, N'B85038')
        INSERT [competitions].[CompetitionRecipients] ([CompetitionId], [OdsCode]) VALUES (5, N'B85041')
        INSERT [competitions].[CompetitionRecipients] ([CompetitionId], [OdsCode]) VALUES (5, N'B85042')
        INSERT [competitions].[CompetitionRecipients] ([CompetitionId], [OdsCode]) VALUES (5, N'B85044')
        INSERT [competitions].[CompetitionRecipients] ([CompetitionId], [OdsCode]) VALUES (5, N'B85048')
        INSERT [competitions].[CompetitionRecipients] ([CompetitionId], [OdsCode]) VALUES (5, N'B85051')
        INSERT [competitions].[CompetitionRecipients] ([CompetitionId], [OdsCode]) VALUES (5, N'B85054')
        INSERT [competitions].[CompetitionRecipients] ([CompetitionId], [OdsCode]) VALUES (5, N'B85055')
        INSERT [competitions].[CompetitionRecipients] ([CompetitionId], [OdsCode]) VALUES (5, N'B85058')
        INSERT [competitions].[CompetitionRecipients] ([CompetitionId], [OdsCode]) VALUES (5, N'B85059')
        INSERT [competitions].[CompetitionRecipients] ([CompetitionId], [OdsCode]) VALUES (5, N'B85060')
        INSERT [competitions].[CompetitionRecipients] ([CompetitionId], [OdsCode]) VALUES (5, N'B85061')
        INSERT [competitions].[CompetitionRecipients] ([CompetitionId], [OdsCode]) VALUES (5, N'B85062')
        INSERT [competitions].[CompetitionRecipients] ([CompetitionId], [OdsCode]) VALUES (5, N'B85606')
        INSERT [competitions].[CompetitionRecipients] ([CompetitionId], [OdsCode]) VALUES (5, N'B85610')
        INSERT [competitions].[CompetitionRecipients] ([CompetitionId], [OdsCode]) VALUES (5, N'B85611')
        INSERT [competitions].[CompetitionRecipients] ([CompetitionId], [OdsCode]) VALUES (5, N'B85612')
        INSERT [competitions].[CompetitionRecipients] ([CompetitionId], [OdsCode]) VALUES (5, N'B85614')
        INSERT [competitions].[CompetitionRecipients] ([CompetitionId], [OdsCode]) VALUES (5, N'B85619')
        INSERT [competitions].[CompetitionRecipients] ([CompetitionId], [OdsCode]) VALUES (5, N'B85620')
        INSERT [competitions].[CompetitionRecipients] ([CompetitionId], [OdsCode]) VALUES (5, N'B85622')
        INSERT [competitions].[CompetitionRecipients] ([CompetitionId], [OdsCode]) VALUES (5, N'B85623')
        INSERT [competitions].[CompetitionRecipients] ([CompetitionId], [OdsCode]) VALUES (5, N'B85634')
        INSERT [competitions].[CompetitionRecipients] ([CompetitionId], [OdsCode]) VALUES (5, N'B85636')
        INSERT [competitions].[CompetitionRecipients] ([CompetitionId], [OdsCode]) VALUES (5, N'B85640')
        INSERT [competitions].[CompetitionRecipients] ([CompetitionId], [OdsCode]) VALUES (5, N'B85641')
        INSERT [competitions].[CompetitionRecipients] ([CompetitionId], [OdsCode]) VALUES (5, N'B85645')
        INSERT [competitions].[CompetitionRecipients] ([CompetitionId], [OdsCode]) VALUES (5, N'B85646')
        INSERT [competitions].[CompetitionRecipients] ([CompetitionId], [OdsCode]) VALUES (5, N'B85650')
        INSERT [competitions].[CompetitionRecipients] ([CompetitionId], [OdsCode]) VALUES (5, N'B85652')
        INSERT [competitions].[CompetitionRecipients] ([CompetitionId], [OdsCode]) VALUES (5, N'B85655')
        INSERT [competitions].[CompetitionRecipients] ([CompetitionId], [OdsCode]) VALUES (5, N'B85657')
        INSERT [competitions].[CompetitionRecipients] ([CompetitionId], [OdsCode]) VALUES (5, N'B85658')
        INSERT [competitions].[CompetitionRecipients] ([CompetitionId], [OdsCode]) VALUES (5, N'B85659')
        INSERT [competitions].[CompetitionRecipients] ([CompetitionId], [OdsCode]) VALUES (5, N'B85660')
        INSERT [competitions].[CompetitionRecipients] ([CompetitionId], [OdsCode]) VALUES (5, N'B86001')
        INSERT [competitions].[CompetitionRecipients] ([CompetitionId], [OdsCode]) VALUES (5, N'B86002')
        INSERT [competitions].[CompetitionRecipients] ([CompetitionId], [OdsCode]) VALUES (5, N'B86003')
        INSERT [competitions].[CompetitionRecipients] ([CompetitionId], [OdsCode]) VALUES (5, N'B86004')
        INSERT [competitions].[CompetitionRecipients] ([CompetitionId], [OdsCode]) VALUES (5, N'B86005')
        INSERT [competitions].[CompetitionRecipients] ([CompetitionId], [OdsCode]) VALUES (5, N'B86006')
        INSERT [competitions].[CompetitionRecipients] ([CompetitionId], [OdsCode]) VALUES (5, N'B86007')
        INSERT [competitions].[CompetitionRecipients] ([CompetitionId], [OdsCode]) VALUES (5, N'B86008')
        INSERT [competitions].[CompetitionRecipients] ([CompetitionId], [OdsCode]) VALUES (5, N'B86009')
        INSERT [competitions].[CompetitionRecipients] ([CompetitionId], [OdsCode]) VALUES (5, N'B86010')
        INSERT [competitions].[CompetitionRecipients] ([CompetitionId], [OdsCode]) VALUES (5, N'B86011')
        INSERT [competitions].[CompetitionRecipients] ([CompetitionId], [OdsCode]) VALUES (5, N'B86012')
        INSERT [competitions].[CompetitionRecipients] ([CompetitionId], [OdsCode]) VALUES (5, N'B86013')
        INSERT [competitions].[CompetitionRecipients] ([CompetitionId], [OdsCode]) VALUES (5, N'B86014')
        INSERT [competitions].[CompetitionRecipients] ([CompetitionId], [OdsCode]) VALUES (5, N'B86015')
        INSERT [competitions].[CompetitionRecipients] ([CompetitionId], [OdsCode]) VALUES (5, N'B86016')
        INSERT [competitions].[CompetitionRecipients] ([CompetitionId], [OdsCode]) VALUES (5, N'B86017')
        INSERT [competitions].[CompetitionRecipients] ([CompetitionId], [OdsCode]) VALUES (5, N'B86018')
        INSERT [competitions].[CompetitionRecipients] ([CompetitionId], [OdsCode]) VALUES (5, N'B86019')
        INSERT [competitions].[CompetitionRecipients] ([CompetitionId], [OdsCode]) VALUES (5, N'B86020')
        INSERT [competitions].[CompetitionRecipients] ([CompetitionId], [OdsCode]) VALUES (5, N'B86022')
        INSERT [competitions].[CompetitionRecipients] ([CompetitionId], [OdsCode]) VALUES (5, N'B86024')
        INSERT [competitions].[CompetitionRecipients] ([CompetitionId], [OdsCode]) VALUES (5, N'B86025')
        INSERT [competitions].[CompetitionRecipients] ([CompetitionId], [OdsCode]) VALUES (5, N'B86028')
        INSERT [competitions].[CompetitionRecipients] ([CompetitionId], [OdsCode]) VALUES (5, N'B86029')
        INSERT [competitions].[CompetitionRecipients] ([CompetitionId], [OdsCode]) VALUES (5, N'B86030')
        INSERT [competitions].[CompetitionRecipients] ([CompetitionId], [OdsCode]) VALUES (5, N'B86032')
        INSERT [competitions].[CompetitionRecipients] ([CompetitionId], [OdsCode]) VALUES (5, N'B86033')
        INSERT [competitions].[CompetitionRecipients] ([CompetitionId], [OdsCode]) VALUES (5, N'B86034')
        INSERT [competitions].[CompetitionRecipients] ([CompetitionId], [OdsCode]) VALUES (5, N'B86035')
        INSERT [competitions].[CompetitionRecipients] ([CompetitionId], [OdsCode]) VALUES (5, N'B86036')
        INSERT [competitions].[CompetitionRecipients] ([CompetitionId], [OdsCode]) VALUES (5, N'B86038')
        INSERT [competitions].[CompetitionRecipients] ([CompetitionId], [OdsCode]) VALUES (5, N'B86039')
        INSERT [competitions].[CompetitionRecipients] ([CompetitionId], [OdsCode]) VALUES (5, N'B86041')
        INSERT [competitions].[CompetitionRecipients] ([CompetitionId], [OdsCode]) VALUES (5, N'B86042')
        INSERT [competitions].[CompetitionRecipients] ([CompetitionId], [OdsCode]) VALUES (5, N'B86043')
        INSERT [competitions].[CompetitionRecipients] ([CompetitionId], [OdsCode]) VALUES (5, N'B86044')
        INSERT [competitions].[CompetitionRecipients] ([CompetitionId], [OdsCode]) VALUES (5, N'B86048')
        INSERT [competitions].[CompetitionRecipients] ([CompetitionId], [OdsCode]) VALUES (5, N'B86049')
        INSERT [competitions].[CompetitionRecipients] ([CompetitionId], [OdsCode]) VALUES (5, N'B86050')
        INSERT [competitions].[CompetitionRecipients] ([CompetitionId], [OdsCode]) VALUES (5, N'B86051')
        INSERT [competitions].[CompetitionRecipients] ([CompetitionId], [OdsCode]) VALUES (5, N'B86052')
        INSERT [competitions].[CompetitionRecipients] ([CompetitionId], [OdsCode]) VALUES (5, N'B86054')
        INSERT [competitions].[CompetitionRecipients] ([CompetitionId], [OdsCode]) VALUES (5, N'B86055')
        INSERT [competitions].[CompetitionRecipients] ([CompetitionId], [OdsCode]) VALUES (5, N'B86056')
        INSERT [competitions].[CompetitionRecipients] ([CompetitionId], [OdsCode]) VALUES (5, N'B86057')

        INSERT [competitions].[CompetitionRecipients] ([CompetitionId], [OdsCode]) VALUES (5, N'B86058')
        INSERT [competitions].[CompetitionRecipients] ([CompetitionId], [OdsCode]) VALUES (5, N'B86059')
        INSERT [competitions].[CompetitionRecipients] ([CompetitionId], [OdsCode]) VALUES (5, N'B86060')
        INSERT [competitions].[CompetitionRecipients] ([CompetitionId], [OdsCode]) VALUES (5, N'B86061')
        INSERT [competitions].[CompetitionRecipients] ([CompetitionId], [OdsCode]) VALUES (5, N'B86062')
        INSERT [competitions].[CompetitionRecipients] ([CompetitionId], [OdsCode]) VALUES (5, N'B86064')
        INSERT [competitions].[CompetitionRecipients] ([CompetitionId], [OdsCode]) VALUES (5, N'B86066')
        INSERT [competitions].[CompetitionRecipients] ([CompetitionId], [OdsCode]) VALUES (5, N'B86067')
        INSERT [competitions].[CompetitionRecipients] ([CompetitionId], [OdsCode]) VALUES (5, N'B86068')
        INSERT [competitions].[CompetitionRecipients] ([CompetitionId], [OdsCode]) VALUES (5, N'B86069')
        INSERT [competitions].[CompetitionRecipients] ([CompetitionId], [OdsCode]) VALUES (5, N'B86070')
        INSERT [competitions].[CompetitionRecipients] ([CompetitionId], [OdsCode]) VALUES (5, N'B86071')
        INSERT [competitions].[CompetitionRecipients] ([CompetitionId], [OdsCode]) VALUES (5, N'B86075')
        INSERT [competitions].[CompetitionRecipients] ([CompetitionId], [OdsCode]) VALUES (5, N'B86081')
        INSERT [competitions].[CompetitionRecipients] ([CompetitionId], [OdsCode]) VALUES (5, N'B86086')
        INSERT [competitions].[CompetitionRecipients] ([CompetitionId], [OdsCode]) VALUES (5, N'B86089')
        INSERT [competitions].[CompetitionRecipients] ([CompetitionId], [OdsCode]) VALUES (5, N'B86092')
        INSERT [competitions].[CompetitionRecipients] ([CompetitionId], [OdsCode]) VALUES (5, N'B86093')
        INSERT [competitions].[CompetitionRecipients] ([CompetitionId], [OdsCode]) VALUES (5, N'B86094')
        INSERT [competitions].[CompetitionRecipients] ([CompetitionId], [OdsCode]) VALUES (5, N'B86096')
        INSERT [competitions].[CompetitionRecipients] ([CompetitionId], [OdsCode]) VALUES (5, N'B86100')
        INSERT [competitions].[CompetitionRecipients] ([CompetitionId], [OdsCode]) VALUES (5, N'B86101')
        INSERT [competitions].[CompetitionRecipients] ([CompetitionId], [OdsCode]) VALUES (5, N'B86103')
        INSERT [competitions].[CompetitionRecipients] ([CompetitionId], [OdsCode]) VALUES (5, N'B86104')
        INSERT [competitions].[CompetitionRecipients] ([CompetitionId], [OdsCode]) VALUES (5, N'B86106')
        INSERT [competitions].[CompetitionRecipients] ([CompetitionId], [OdsCode]) VALUES (5, N'B86108')
        INSERT [competitions].[CompetitionRecipients] ([CompetitionId], [OdsCode]) VALUES (5, N'B86109')
        INSERT [competitions].[CompetitionRecipients] ([CompetitionId], [OdsCode]) VALUES (5, N'B86110')
        INSERT [competitions].[CompetitionRecipients] ([CompetitionId], [OdsCode]) VALUES (5, N'B86623')
        INSERT [competitions].[CompetitionRecipients] ([CompetitionId], [OdsCode]) VALUES (5, N'B86625')
        INSERT [competitions].[CompetitionRecipients] ([CompetitionId], [OdsCode]) VALUES (5, N'B86642')
        INSERT [competitions].[CompetitionRecipients] ([CompetitionId], [OdsCode]) VALUES (5, N'B86643')
        INSERT [competitions].[CompetitionRecipients] ([CompetitionId], [OdsCode]) VALUES (5, N'B86648')
        INSERT [competitions].[CompetitionRecipients] ([CompetitionId], [OdsCode]) VALUES (5, N'B86654')
        INSERT [competitions].[CompetitionRecipients] ([CompetitionId], [OdsCode]) VALUES (5, N'B86655')
        INSERT [competitions].[CompetitionRecipients] ([CompetitionId], [OdsCode]) VALUES (5, N'B86658')
        INSERT [competitions].[CompetitionRecipients] ([CompetitionId], [OdsCode]) VALUES (5, N'B86666')
        INSERT [competitions].[CompetitionRecipients] ([CompetitionId], [OdsCode]) VALUES (5, N'B86667')
        INSERT [competitions].[CompetitionRecipients] ([CompetitionId], [OdsCode]) VALUES (5, N'B86669')
        INSERT [competitions].[CompetitionRecipients] ([CompetitionId], [OdsCode]) VALUES (5, N'B86672')
        INSERT [competitions].[CompetitionRecipients] ([CompetitionId], [OdsCode]) VALUES (5, N'B86673')
        INSERT [competitions].[CompetitionRecipients] ([CompetitionId], [OdsCode]) VALUES (5, N'B86675')
        INSERT [competitions].[CompetitionRecipients] ([CompetitionId], [OdsCode]) VALUES (5, N'B86678')
        INSERT [competitions].[CompetitionRecipients] ([CompetitionId], [OdsCode]) VALUES (5, N'B86681')
        INSERT [competitions].[CompetitionRecipients] ([CompetitionId], [OdsCode]) VALUES (5, N'B86685')
        INSERT [competitions].[CompetitionRecipients] ([CompetitionId], [OdsCode]) VALUES (5, N'B87001')
        INSERT [competitions].[CompetitionRecipients] ([CompetitionId], [OdsCode]) VALUES (5, N'B87002')
        INSERT [competitions].[CompetitionRecipients] ([CompetitionId], [OdsCode]) VALUES (5, N'B87003')
        INSERT [competitions].[CompetitionRecipients] ([CompetitionId], [OdsCode]) VALUES (5, N'B87004')
        INSERT [competitions].[CompetitionRecipients] ([CompetitionId], [OdsCode]) VALUES (5, N'B87005')
        INSERT [competitions].[CompetitionRecipients] ([CompetitionId], [OdsCode]) VALUES (5, N'B87006')
        INSERT [competitions].[CompetitionRecipients] ([CompetitionId], [OdsCode]) VALUES (5, N'B87007')
        INSERT [competitions].[CompetitionRecipients] ([CompetitionId], [OdsCode]) VALUES (5, N'B87008')
        INSERT [competitions].[CompetitionRecipients] ([CompetitionId], [OdsCode]) VALUES (5, N'B87009')
        INSERT [competitions].[CompetitionRecipients] ([CompetitionId], [OdsCode]) VALUES (5, N'B87011')
        INSERT [competitions].[CompetitionRecipients] ([CompetitionId], [OdsCode]) VALUES (5, N'B87012')
        INSERT [competitions].[CompetitionRecipients] ([CompetitionId], [OdsCode]) VALUES (5, N'B87013')
        INSERT [competitions].[CompetitionRecipients] ([CompetitionId], [OdsCode]) VALUES (5, N'B87015')
        INSERT [competitions].[CompetitionRecipients] ([CompetitionId], [OdsCode]) VALUES (5, N'B87016')
        INSERT [competitions].[CompetitionRecipients] ([CompetitionId], [OdsCode]) VALUES (5, N'B87017')
        INSERT [competitions].[CompetitionRecipients] ([CompetitionId], [OdsCode]) VALUES (5, N'B87018')
        INSERT [competitions].[CompetitionRecipients] ([CompetitionId], [OdsCode]) VALUES (5, N'B87019')
        INSERT [competitions].[CompetitionRecipients] ([CompetitionId], [OdsCode]) VALUES (5, N'B87020')
        INSERT [competitions].[CompetitionRecipients] ([CompetitionId], [OdsCode]) VALUES (5, N'B87021')
        INSERT [competitions].[CompetitionRecipients] ([CompetitionId], [OdsCode]) VALUES (5, N'B87022')
        INSERT [competitions].[CompetitionRecipients] ([CompetitionId], [OdsCode]) VALUES (5, N'B87025')
        INSERT [competitions].[CompetitionRecipients] ([CompetitionId], [OdsCode]) VALUES (5, N'B87026')
        INSERT [competitions].[CompetitionRecipients] ([CompetitionId], [OdsCode]) VALUES (5, N'B87027')
        INSERT [competitions].[CompetitionRecipients] ([CompetitionId], [OdsCode]) VALUES (5, N'B87028')
        INSERT [competitions].[CompetitionRecipients] ([CompetitionId], [OdsCode]) VALUES (5, N'B87030')
        INSERT [competitions].[CompetitionRecipients] ([CompetitionId], [OdsCode]) VALUES (5, N'B87031')
        INSERT [competitions].[CompetitionRecipients] ([CompetitionId], [OdsCode]) VALUES (5, N'B87032')
        INSERT [competitions].[CompetitionRecipients] ([CompetitionId], [OdsCode]) VALUES (5, N'B87033')
        INSERT [competitions].[CompetitionRecipients] ([CompetitionId], [OdsCode]) VALUES (5, N'B87036')
        INSERT [competitions].[CompetitionRecipients] ([CompetitionId], [OdsCode]) VALUES (5, N'B87039')
        INSERT [competitions].[CompetitionRecipients] ([CompetitionId], [OdsCode]) VALUES (5, N'B87041')
        INSERT [competitions].[CompetitionRecipients] ([CompetitionId], [OdsCode]) VALUES (5, N'B87042')
        INSERT [competitions].[CompetitionRecipients] ([CompetitionId], [OdsCode]) VALUES (5, N'B87044')
        INSERT [competitions].[CompetitionRecipients] ([CompetitionId], [OdsCode]) VALUES (5, N'B87600')
        INSERT [competitions].[CompetitionRecipients] ([CompetitionId], [OdsCode]) VALUES (5, N'B87602')
        INSERT [competitions].[CompetitionRecipients] ([CompetitionId], [OdsCode]) VALUES (5, N'B87604')
        INSERT [competitions].[CompetitionRecipients] ([CompetitionId], [OdsCode]) VALUES (5, N'B87616')
        INSERT [competitions].[CompetitionRecipients] ([CompetitionId], [OdsCode]) VALUES (5, N'Y00081')
        INSERT [competitions].[CompetitionRecipients] ([CompetitionId], [OdsCode]) VALUES (5, N'Y00084')
        INSERT [competitions].[CompetitionRecipients] ([CompetitionId], [OdsCode]) VALUES (5, N'Y00100')
        INSERT [competitions].[CompetitionRecipients] ([CompetitionId], [OdsCode]) VALUES (5, N'Y00167')
        INSERT [competitions].[CompetitionRecipients] ([CompetitionId], [OdsCode]) VALUES (5, N'Y00226')
        INSERT [competitions].[CompetitionRecipients] ([CompetitionId], [OdsCode]) VALUES (5, N'Y00227')
        INSERT [competitions].[CompetitionRecipients] ([CompetitionId], [OdsCode]) VALUES (5, N'Y00262')
        INSERT [competitions].[CompetitionRecipients] ([CompetitionId], [OdsCode]) VALUES (5, N'Y00291')
        INSERT [competitions].[CompetitionRecipients] ([CompetitionId], [OdsCode]) VALUES (5, N'Y00329')
        INSERT [competitions].[CompetitionRecipients] ([CompetitionId], [OdsCode]) VALUES (5, N'Y00442')
        INSERT [competitions].[CompetitionRecipients] ([CompetitionId], [OdsCode]) VALUES (5, N'Y00554')
        INSERT [competitions].[CompetitionRecipients] ([CompetitionId], [OdsCode]) VALUES (5, N'Y00556')
        INSERT [competitions].[CompetitionRecipients] ([CompetitionId], [OdsCode]) VALUES (5, N'Y00629')
        INSERT [competitions].[CompetitionRecipients] ([CompetitionId], [OdsCode]) VALUES (5, N'Y00630')
        INSERT [competitions].[CompetitionRecipients] ([CompetitionId], [OdsCode]) VALUES (5, N'Y00631')
        INSERT [competitions].[CompetitionRecipients] ([CompetitionId], [OdsCode]) VALUES (5, N'Y00635')
        INSERT [competitions].[CompetitionRecipients] ([CompetitionId], [OdsCode]) VALUES (5, N'Y00670')
        INSERT [competitions].[CompetitionRecipients] ([CompetitionId], [OdsCode]) VALUES (5, N'Y00693')

        INSERT [competitions].[CompetitionRecipients] ([CompetitionId], [OdsCode]) VALUES (5, N'Y00698')
        INSERT [competitions].[CompetitionRecipients] ([CompetitionId], [OdsCode]) VALUES (5, N'Y00704')
        INSERT [competitions].[CompetitionRecipients] ([CompetitionId], [OdsCode]) VALUES (5, N'Y00819')
        INSERT [competitions].[CompetitionRecipients] ([CompetitionId], [OdsCode]) VALUES (5, N'Y00820')
        INSERT [competitions].[CompetitionRecipients] ([CompetitionId], [OdsCode]) VALUES (5, N'Y00835')
        INSERT [competitions].[CompetitionRecipients] ([CompetitionId], [OdsCode]) VALUES (5, N'Y00839')
        INSERT [competitions].[CompetitionRecipients] ([CompetitionId], [OdsCode]) VALUES (5, N'Y00840')
        INSERT [competitions].[CompetitionRecipients] ([CompetitionId], [OdsCode]) VALUES (5, N'Y00848')
        INSERT [competitions].[CompetitionRecipients] ([CompetitionId], [OdsCode]) VALUES (5, N'Y00896')
        INSERT [competitions].[CompetitionRecipients] ([CompetitionId], [OdsCode]) VALUES (5, N'Y01069')
        INSERT [competitions].[CompetitionRecipients] ([CompetitionId], [OdsCode]) VALUES (5, N'Y01118')
        INSERT [competitions].[CompetitionRecipients] ([CompetitionId], [OdsCode]) VALUES (5, N'Y01126')
        INSERT [competitions].[CompetitionRecipients] ([CompetitionId], [OdsCode]) VALUES (5, N'Y01141')
        INSERT [competitions].[CompetitionRecipients] ([CompetitionId], [OdsCode]) VALUES (5, N'Y01231')
        INSERT [competitions].[CompetitionRecipients] ([CompetitionId], [OdsCode]) VALUES (5, N'Y01616')
        INSERT [competitions].[CompetitionRecipients] ([CompetitionId], [OdsCode]) VALUES (5, N'Y01728')
        INSERT [competitions].[CompetitionRecipients] ([CompetitionId], [OdsCode]) VALUES (5, N'Y01775')
        INSERT [competitions].[CompetitionRecipients] ([CompetitionId], [OdsCode]) VALUES (5, N'Y01882')
        INSERT [competitions].[CompetitionRecipients] ([CompetitionId], [OdsCode]) VALUES (5, N'Y01885')
        INSERT [competitions].[CompetitionRecipients] ([CompetitionId], [OdsCode]) VALUES (5, N'Y01909')
        INSERT [competitions].[CompetitionRecipients] ([CompetitionId], [OdsCode]) VALUES (5, N'Y01912')
        INSERT [competitions].[CompetitionRecipients] ([CompetitionId], [OdsCode]) VALUES (5, N'Y01952')
        INSERT [competitions].[CompetitionRecipients] ([CompetitionId], [OdsCode]) VALUES (5, N'Y01953')
        INSERT [competitions].[CompetitionRecipients] ([CompetitionId], [OdsCode]) VALUES (5, N'Y02002')
        INSERT [competitions].[CompetitionRecipients] ([CompetitionId], [OdsCode]) VALUES (5, N'Y02041')
        INSERT [competitions].[CompetitionRecipients] ([CompetitionId], [OdsCode]) VALUES (5, N'Y02189')
        INSERT [competitions].[CompetitionRecipients] ([CompetitionId], [OdsCode]) VALUES (5, N'Y02288')
        INSERT [competitions].[CompetitionRecipients] ([CompetitionId], [OdsCode]) VALUES (5, N'Y02333')
        INSERT [competitions].[CompetitionRecipients] ([CompetitionId], [OdsCode]) VALUES (5, N'Y02339')
        INSERT [competitions].[CompetitionRecipients] ([CompetitionId], [OdsCode]) VALUES (5, N'Y02459')
        INSERT [competitions].[CompetitionRecipients] ([CompetitionId], [OdsCode]) VALUES (5, N'Y02494')
        INSERT [competitions].[CompetitionRecipients] ([CompetitionId], [OdsCode]) VALUES (5, N'Y02509')
        INSERT [competitions].[CompetitionRecipients] ([CompetitionId], [OdsCode]) VALUES (5, N'Y02572')
        INSERT [competitions].[CompetitionRecipients] ([CompetitionId], [OdsCode]) VALUES (5, N'Y02643')
        INSERT [competitions].[CompetitionRecipients] ([CompetitionId], [OdsCode]) VALUES (5, N'Y02645')
        INSERT [competitions].[CompetitionRecipients] ([CompetitionId], [OdsCode]) VALUES (5, N'Y02655')
        INSERT [competitions].[CompetitionRecipients] ([CompetitionId], [OdsCode]) VALUES (5, N'Y02731')
        INSERT [competitions].[CompetitionRecipients] ([CompetitionId], [OdsCode]) VALUES (5, N'Y02738')
        INSERT [competitions].[CompetitionRecipients] ([CompetitionId], [OdsCode]) VALUES (5, N'Y03012')
        INSERT [competitions].[CompetitionRecipients] ([CompetitionId], [OdsCode]) VALUES (5, N'Y03013')
        INSERT [competitions].[CompetitionRecipients] ([CompetitionId], [OdsCode]) VALUES (5, N'Y03190')
        INSERT [competitions].[CompetitionRecipients] ([CompetitionId], [OdsCode]) VALUES (5, N'Y03267')
        INSERT [competitions].[CompetitionRecipients] ([CompetitionId], [OdsCode]) VALUES (5, N'Y03268')
        INSERT [competitions].[CompetitionRecipients] ([CompetitionId], [OdsCode]) VALUES (5, N'Y03322')
        INSERT [competitions].[CompetitionRecipients] ([CompetitionId], [OdsCode]) VALUES (5, N'Y03391')
        INSERT [competitions].[CompetitionRecipients] ([CompetitionId], [OdsCode]) VALUES (5, N'Y03418')
        INSERT [competitions].[CompetitionRecipients] ([CompetitionId], [OdsCode]) VALUES (5, N'Y03554')
        INSERT [competitions].[CompetitionRecipients] ([CompetitionId], [OdsCode]) VALUES (5, N'Y03561')
        INSERT [competitions].[CompetitionRecipients] ([CompetitionId], [OdsCode]) VALUES (5, N'Y03564')
        INSERT [competitions].[CompetitionRecipients] ([CompetitionId], [OdsCode]) VALUES (5, N'Y03604')
        INSERT [competitions].[CompetitionRecipients] ([CompetitionId], [OdsCode]) VALUES (5, N'Y03655')
        INSERT [competitions].[CompetitionRecipients] ([CompetitionId], [OdsCode]) VALUES (5, N'Y03709')
        INSERT [competitions].[CompetitionRecipients] ([CompetitionId], [OdsCode]) VALUES (5, N'Y03777')
        INSERT [competitions].[CompetitionRecipients] ([CompetitionId], [OdsCode]) VALUES (5, N'Y03889')
        INSERT [competitions].[CompetitionRecipients] ([CompetitionId], [OdsCode]) VALUES (5, N'Y03892')
        INSERT [competitions].[CompetitionRecipients] ([CompetitionId], [OdsCode]) VALUES (5, N'Y04083')
        INSERT [competitions].[CompetitionRecipients] ([CompetitionId], [OdsCode]) VALUES (5, N'Y04099')
        INSERT [competitions].[CompetitionRecipients] ([CompetitionId], [OdsCode]) VALUES (5, N'Y04100')
        INSERT [competitions].[CompetitionRecipients] ([CompetitionId], [OdsCode]) VALUES (5, N'Y04113')
        INSERT [competitions].[CompetitionRecipients] ([CompetitionId], [OdsCode]) VALUES (5, N'Y04166')
        INSERT [competitions].[CompetitionRecipients] ([CompetitionId], [OdsCode]) VALUES (5, N'Y04174')
        INSERT [competitions].[CompetitionRecipients] ([CompetitionId], [OdsCode]) VALUES (5, N'Y04203')
        INSERT [competitions].[CompetitionRecipients] ([CompetitionId], [OdsCode]) VALUES (5, N'Y04204')
        INSERT [competitions].[CompetitionRecipients] ([CompetitionId], [OdsCode]) VALUES (5, N'Y04205')
        INSERT [competitions].[CompetitionRecipients] ([CompetitionId], [OdsCode]) VALUES (5, N'Y04266')
        INSERT [competitions].[CompetitionRecipients] ([CompetitionId], [OdsCode]) VALUES (5, N'Y04346')
        INSERT [competitions].[CompetitionRecipients] ([CompetitionId], [OdsCode]) VALUES (5, N'Y04347')
        INSERT [competitions].[CompetitionRecipients] ([CompetitionId], [OdsCode]) VALUES (5, N'Y04348')
        INSERT [competitions].[CompetitionRecipients] ([CompetitionId], [OdsCode]) VALUES (5, N'Y04349')
        INSERT [competitions].[CompetitionRecipients] ([CompetitionId], [OdsCode]) VALUES (5, N'Y04350')
        INSERT [competitions].[CompetitionRecipients] ([CompetitionId], [OdsCode]) VALUES (5, N'Y04351')
        INSERT [competitions].[CompetitionRecipients] ([CompetitionId], [OdsCode]) VALUES (5, N'Y04352')
        INSERT [competitions].[CompetitionRecipients] ([CompetitionId], [OdsCode]) VALUES (5, N'Y04377')
        INSERT [competitions].[CompetitionRecipients] ([CompetitionId], [OdsCode]) VALUES (5, N'Y04378')
        INSERT [competitions].[CompetitionRecipients] ([CompetitionId], [OdsCode]) VALUES (5, N'Y04391')
        INSERT [competitions].[CompetitionRecipients] ([CompetitionId], [OdsCode]) VALUES (5, N'Y04392')
        INSERT [competitions].[CompetitionRecipients] ([CompetitionId], [OdsCode]) VALUES (5, N'Y04393')
        INSERT [competitions].[CompetitionRecipients] ([CompetitionId], [OdsCode]) VALUES (5, N'Y04394')
        INSERT [competitions].[CompetitionRecipients] ([CompetitionId], [OdsCode]) VALUES (5, N'Y04482')
        INSERT [competitions].[CompetitionRecipients] ([CompetitionId], [OdsCode]) VALUES (5, N'Y04567')
        INSERT [competitions].[CompetitionRecipients] ([CompetitionId], [OdsCode]) VALUES (5, N'Y04572')
        INSERT [competitions].[CompetitionRecipients] ([CompetitionId], [OdsCode]) VALUES (5, N'Y04703')
        INSERT [competitions].[CompetitionRecipients] ([CompetitionId], [OdsCode]) VALUES (5, N'Y04706')
        INSERT [competitions].[CompetitionRecipients] ([CompetitionId], [OdsCode]) VALUES (5, N'Y04714')
        INSERT [competitions].[CompetitionRecipients] ([CompetitionId], [OdsCode]) VALUES (5, N'Y04885')
        INSERT [competitions].[CompetitionRecipients] ([CompetitionId], [OdsCode]) VALUES (5, N'Y04899')
        INSERT [competitions].[CompetitionRecipients] ([CompetitionId], [OdsCode]) VALUES (5, N'Y04918')
        INSERT [competitions].[CompetitionRecipients] ([CompetitionId], [OdsCode]) VALUES (5, N'Y05001')
        INSERT [competitions].[CompetitionRecipients] ([CompetitionId], [OdsCode]) VALUES (5, N'Y05018')
        INSERT [competitions].[CompetitionRecipients] ([CompetitionId], [OdsCode]) VALUES (5, N'Y05027')
        INSERT [competitions].[CompetitionRecipients] ([CompetitionId], [OdsCode]) VALUES (5, N'Y05094')
        INSERT [competitions].[CompetitionRecipients] ([CompetitionId], [OdsCode]) VALUES (5, N'Y05147')
        INSERT [competitions].[CompetitionRecipients] ([CompetitionId], [OdsCode]) VALUES (5, N'Y05180')
        INSERT [competitions].[CompetitionRecipients] ([CompetitionId], [OdsCode]) VALUES (5, N'Y05216')
        INSERT [competitions].[CompetitionRecipients] ([CompetitionId], [OdsCode]) VALUES (5, N'Y05221')
        INSERT [competitions].[CompetitionRecipients] ([CompetitionId], [OdsCode]) VALUES (5, N'Y05305')
        INSERT [competitions].[CompetitionRecipients] ([CompetitionId], [OdsCode]) VALUES (5, N'Y05306')
        INSERT [competitions].[CompetitionRecipients] ([CompetitionId], [OdsCode]) VALUES (5, N'Y05371')
        INSERT [competitions].[CompetitionRecipients] ([CompetitionId], [OdsCode]) VALUES (5, N'Y05397')
        INSERT [competitions].[CompetitionRecipients] ([CompetitionId], [OdsCode]) VALUES (5, N'Y05398')

        INSERT [competitions].[CompetitionRecipients] ([CompetitionId], [OdsCode]) VALUES (5, N'Y05404')
        INSERT [competitions].[CompetitionRecipients] ([CompetitionId], [OdsCode]) VALUES (5, N'Y05409')
        INSERT [competitions].[CompetitionRecipients] ([CompetitionId], [OdsCode]) VALUES (5, N'Y05483')
        INSERT [competitions].[CompetitionRecipients] ([CompetitionId], [OdsCode]) VALUES (5, N'Y05484')
        INSERT [competitions].[CompetitionRecipients] ([CompetitionId], [OdsCode]) VALUES (5, N'Y05620')
        INSERT [competitions].[CompetitionRecipients] ([CompetitionId], [OdsCode]) VALUES (5, N'Y05623')
        INSERT [competitions].[CompetitionRecipients] ([CompetitionId], [OdsCode]) VALUES (5, N'Y05737')
        INSERT [competitions].[CompetitionRecipients] ([CompetitionId], [OdsCode]) VALUES (5, N'Y05740')
        INSERT [competitions].[CompetitionRecipients] ([CompetitionId], [OdsCode]) VALUES (5, N'Y05776')
        INSERT [competitions].[CompetitionRecipients] ([CompetitionId], [OdsCode]) VALUES (5, N'Y05777')
        INSERT [competitions].[CompetitionRecipients] ([CompetitionId], [OdsCode]) VALUES (5, N'Y05793')
        INSERT [competitions].[CompetitionRecipients] ([CompetitionId], [OdsCode]) VALUES (5, N'Y05798')
        INSERT [competitions].[CompetitionRecipients] ([CompetitionId], [OdsCode]) VALUES (5, N'Y05799')
        INSERT [competitions].[CompetitionRecipients] ([CompetitionId], [OdsCode]) VALUES (5, N'Y05800')
        INSERT [competitions].[CompetitionRecipients] ([CompetitionId], [OdsCode]) VALUES (5, N'Y05801')
        INSERT [competitions].[CompetitionRecipients] ([CompetitionId], [OdsCode]) VALUES (5, N'Y05802')
        INSERT [competitions].[CompetitionRecipients] ([CompetitionId], [OdsCode]) VALUES (5, N'Y05803')
        INSERT [competitions].[CompetitionRecipients] ([CompetitionId], [OdsCode]) VALUES (5, N'Y05805')
        INSERT [competitions].[CompetitionRecipients] ([CompetitionId], [OdsCode]) VALUES (5, N'Y05806')
        INSERT [competitions].[CompetitionRecipients] ([CompetitionId], [OdsCode]) VALUES (5, N'Y05807')
        INSERT [competitions].[CompetitionRecipients] ([CompetitionId], [OdsCode]) VALUES (5, N'Y05808')
        INSERT [competitions].[CompetitionRecipients] ([CompetitionId], [OdsCode]) VALUES (5, N'Y05809')
        INSERT [competitions].[CompetitionRecipients] ([CompetitionId], [OdsCode]) VALUES (5, N'Y05811')
        INSERT [competitions].[CompetitionRecipients] ([CompetitionId], [OdsCode]) VALUES (5, N'Y05812')
        INSERT [competitions].[CompetitionRecipients] ([CompetitionId], [OdsCode]) VALUES (5, N'Y05819')
        INSERT [competitions].[CompetitionRecipients] ([CompetitionId], [OdsCode]) VALUES (5, N'Y05823')
        INSERT [competitions].[CompetitionRecipients] ([CompetitionId], [OdsCode]) VALUES (5, N'Y05863')
        INSERT [competitions].[CompetitionRecipients] ([CompetitionId], [OdsCode]) VALUES (5, N'Y05864')
        INSERT [competitions].[CompetitionRecipients] ([CompetitionId], [OdsCode]) VALUES (5, N'Y05875')
        INSERT [competitions].[CompetitionRecipients] ([CompetitionId], [OdsCode]) VALUES (5, N'Y05903')
        INSERT [competitions].[CompetitionRecipients] ([CompetitionId], [OdsCode]) VALUES (5, N'Y05959')
        INSERT [competitions].[CompetitionRecipients] ([CompetitionId], [OdsCode]) VALUES (5, N'Y05974')
        INSERT [competitions].[CompetitionRecipients] ([CompetitionId], [OdsCode]) VALUES (5, N'Y05992')
        INSERT [competitions].[CompetitionRecipients] ([CompetitionId], [OdsCode]) VALUES (5, N'Y05993')
        INSERT [competitions].[CompetitionRecipients] ([CompetitionId], [OdsCode]) VALUES (5, N'Y05999')
        INSERT [competitions].[CompetitionRecipients] ([CompetitionId], [OdsCode]) VALUES (5, N'Y06097')
        INSERT [competitions].[CompetitionRecipients] ([CompetitionId], [OdsCode]) VALUES (5, N'Y06098')
        INSERT [competitions].[CompetitionRecipients] ([CompetitionId], [OdsCode]) VALUES (5, N'Y06102')
        INSERT [competitions].[CompetitionRecipients] ([CompetitionId], [OdsCode]) VALUES (5, N'Y06109')
        INSERT [competitions].[CompetitionRecipients] ([CompetitionId], [OdsCode]) VALUES (5, N'Y06110')
        INSERT [competitions].[CompetitionRecipients] ([CompetitionId], [OdsCode]) VALUES (5, N'Y06111')
        INSERT [competitions].[CompetitionRecipients] ([CompetitionId], [OdsCode]) VALUES (5, N'Y06140')
        INSERT [competitions].[CompetitionRecipients] ([CompetitionId], [OdsCode]) VALUES (5, N'Y06272')
        INSERT [competitions].[CompetitionRecipients] ([CompetitionId], [OdsCode]) VALUES (5, N'Y06362')
        INSERT [competitions].[CompetitionRecipients] ([CompetitionId], [OdsCode]) VALUES (5, N'Y06429')
        INSERT [competitions].[CompetitionRecipients] ([CompetitionId], [OdsCode]) VALUES (5, N'Y06477')
        INSERT [competitions].[CompetitionRecipients] ([CompetitionId], [OdsCode]) VALUES (5, N'Y06483')
        INSERT [competitions].[CompetitionRecipients] ([CompetitionId], [OdsCode]) VALUES (5, N'Y06490')
        INSERT [competitions].[CompetitionRecipients] ([CompetitionId], [OdsCode]) VALUES (5, N'Y06491')
        INSERT [competitions].[CompetitionRecipients] ([CompetitionId], [OdsCode]) VALUES (5, N'Y06492')
        INSERT [competitions].[CompetitionRecipients] ([CompetitionId], [OdsCode]) VALUES (5, N'Y06493')
        INSERT [competitions].[CompetitionRecipients] ([CompetitionId], [OdsCode]) VALUES (5, N'Y06504')
        INSERT [competitions].[CompetitionRecipients] ([CompetitionId], [OdsCode]) VALUES (5, N'Y06506')
        INSERT [competitions].[CompetitionRecipients] ([CompetitionId], [OdsCode]) VALUES (5, N'Y06517')
        INSERT [competitions].[CompetitionRecipients] ([CompetitionId], [OdsCode]) VALUES (5, N'Y06608')
        INSERT [competitions].[CompetitionRecipients] ([CompetitionId], [OdsCode]) VALUES (5, N'Y06624')
        INSERT [competitions].[CompetitionRecipients] ([CompetitionId], [OdsCode]) VALUES (5, N'Y06625')
        INSERT [competitions].[CompetitionRecipients] ([CompetitionId], [OdsCode]) VALUES (5, N'Y06659')
        INSERT [competitions].[CompetitionRecipients] ([CompetitionId], [OdsCode]) VALUES (5, N'Y06716')
        INSERT [competitions].[CompetitionRecipients] ([CompetitionId], [OdsCode]) VALUES (5, N'Y06722')
        INSERT [competitions].[CompetitionRecipients] ([CompetitionId], [OdsCode]) VALUES (5, N'Y06735')
        INSERT [competitions].[CompetitionRecipients] ([CompetitionId], [OdsCode]) VALUES (5, N'Y06737')
        INSERT [competitions].[CompetitionRecipients] ([CompetitionId], [OdsCode]) VALUES (5, N'Y06768')
        INSERT [competitions].[CompetitionRecipients] ([CompetitionId], [OdsCode]) VALUES (5, N'Y06801')
        INSERT [competitions].[CompetitionRecipients] ([CompetitionId], [OdsCode]) VALUES (5, N'Y06862')
        INSERT [competitions].[CompetitionRecipients] ([CompetitionId], [OdsCode]) VALUES (5, N'Y06876')
        INSERT [competitions].[CompetitionRecipients] ([CompetitionId], [OdsCode]) VALUES (5, N'Y06896')
        INSERT [competitions].[CompetitionRecipients] ([CompetitionId], [OdsCode]) VALUES (5, N'Y06939')
        INSERT [competitions].[CompetitionRecipients] ([CompetitionId], [OdsCode]) VALUES (5, N'Y06940')
        INSERT [competitions].[CompetitionRecipients] ([CompetitionId], [OdsCode]) VALUES (5, N'Y06941')
        INSERT [competitions].[CompetitionRecipients] ([CompetitionId], [OdsCode]) VALUES (5, N'Y06946')
        INSERT [competitions].[CompetitionRecipients] ([CompetitionId], [OdsCode]) VALUES (5, N'Y06992')
        INSERT [competitions].[CompetitionRecipients] ([CompetitionId], [OdsCode]) VALUES (5, N'Y07036')
        INSERT [competitions].[CompetitionRecipients] ([CompetitionId], [OdsCode]) VALUES (5, N'Y07122')
        INSERT [competitions].[CompetitionRecipients] ([CompetitionId], [OdsCode]) VALUES (5, N'Y07123')
        INSERT [competitions].[CompetitionRecipients] ([CompetitionId], [OdsCode]) VALUES (5, N'Y07199')
        INSERT [competitions].[CompetitionRecipients] ([CompetitionId], [OdsCode]) VALUES (5, N'Y07201')
        INSERT [competitions].[CompetitionRecipients] ([CompetitionId], [OdsCode]) VALUES (5, N'Y07206')
        INSERT [competitions].[CompetitionRecipients] ([CompetitionId], [OdsCode]) VALUES (5, N'Y07207')
        INSERT [competitions].[CompetitionRecipients] ([CompetitionId], [OdsCode]) VALUES (5, N'Y07208')
        INSERT [competitions].[CompetitionRecipients] ([CompetitionId], [OdsCode]) VALUES (5, N'Y07225')
        INSERT [competitions].[CompetitionRecipients] ([CompetitionId], [OdsCode]) VALUES (5, N'Y07271')
        INSERT [competitions].[CompetitionRecipients] ([CompetitionId], [OdsCode]) VALUES (5, N'Y07272')
        INSERT [competitions].[CompetitionRecipients] ([CompetitionId], [OdsCode]) VALUES (5, N'Y07275')
        INSERT [competitions].[CompetitionRecipients] ([CompetitionId], [OdsCode]) VALUES (5, N'Y07306')
        INSERT [competitions].[CompetitionRecipients] ([CompetitionId], [OdsCode]) VALUES (5, N'Y07460')
        INSERT [competitions].[CompetitionRecipients] ([CompetitionId], [OdsCode]) VALUES (5, N'Y07470')
        INSERT [competitions].[CompetitionRecipients] ([CompetitionId], [OdsCode]) VALUES (5, N'Y07692')
        INSERT [competitions].[CompetitionRecipients] ([CompetitionId], [OdsCode]) VALUES (5, N'Y07718')
        INSERT [competitions].[CompetitionRecipients] ([CompetitionId], [OdsCode]) VALUES (5, N'Y07789')
        INSERT [competitions].[CompetitionRecipients] ([CompetitionId], [OdsCode]) VALUES (6, N'A99930')
        INSERT [competitions].[CompetitionRecipients] ([CompetitionId], [OdsCode]) VALUES (6, N'B84001')
        INSERT [competitions].[CompetitionRecipients] ([CompetitionId], [OdsCode]) VALUES (6, N'B84003')
        INSERT [competitions].[CompetitionRecipients] ([CompetitionId], [OdsCode]) VALUES (6, N'B84004')
        INSERT [competitions].[CompetitionRecipients] ([CompetitionId], [OdsCode]) VALUES (6, N'B84005')
        INSERT [competitions].[CompetitionRecipients] ([CompetitionId], [OdsCode]) VALUES (6, N'B84006')
        INSERT [competitions].[CompetitionRecipients] ([CompetitionId], [OdsCode]) VALUES (6, N'B84007')
        INSERT [competitions].[CompetitionRecipients] ([CompetitionId], [OdsCode]) VALUES (6, N'B84008')
        INSERT [competitions].[CompetitionRecipients] ([CompetitionId], [OdsCode]) VALUES (6, N'B84009')
        INSERT [competitions].[CompetitionRecipients] ([CompetitionId], [OdsCode]) VALUES (6, N'B84010')

        INSERT [competitions].[CompetitionRecipients] ([CompetitionId], [OdsCode]) VALUES (6, N'B84011')
        INSERT [competitions].[CompetitionRecipients] ([CompetitionId], [OdsCode]) VALUES (6, N'B84012')
        INSERT [competitions].[CompetitionRecipients] ([CompetitionId], [OdsCode]) VALUES (6, N'B84013')
        INSERT [competitions].[CompetitionRecipients] ([CompetitionId], [OdsCode]) VALUES (6, N'B84014')
        INSERT [competitions].[CompetitionRecipients] ([CompetitionId], [OdsCode]) VALUES (6, N'B84016')
        INSERT [competitions].[CompetitionRecipients] ([CompetitionId], [OdsCode]) VALUES (6, N'B84019')
        INSERT [competitions].[CompetitionRecipients] ([CompetitionId], [OdsCode]) VALUES (6, N'B84021')
        INSERT [competitions].[CompetitionRecipients] ([CompetitionId], [OdsCode]) VALUES (6, N'B84612')
        INSERT [competitions].[CompetitionRecipients] ([CompetitionId], [OdsCode]) VALUES (6, N'B84613')
        INSERT [competitions].[CompetitionRecipients] ([CompetitionId], [OdsCode]) VALUES (6, N'B84618')
        INSERT [competitions].[CompetitionRecipients] ([CompetitionId], [OdsCode]) VALUES (6, N'B84623')
        INSERT [competitions].[CompetitionRecipients] ([CompetitionId], [OdsCode]) VALUES (6, N'Y00262')
        INSERT [competitions].[CompetitionRecipients] ([CompetitionId], [OdsCode]) VALUES (6, N'Y01882')
        INSERT [competitions].[CompetitionRecipients] ([CompetitionId], [OdsCode]) VALUES (6, N'Y02572')
        INSERT [competitions].[CompetitionRecipients] ([CompetitionId], [OdsCode]) VALUES (6, N'Y02645')
        INSERT [competitions].[CompetitionRecipients] ([CompetitionId], [OdsCode]) VALUES (6, N'Y02655')
        INSERT [competitions].[CompetitionRecipients] ([CompetitionId], [OdsCode]) VALUES (6, N'Y03418')
        INSERT [competitions].[CompetitionRecipients] ([CompetitionId], [OdsCode]) VALUES (6, N'Y03655')
        INSERT [competitions].[CompetitionRecipients] ([CompetitionId], [OdsCode]) VALUES (6, N'Y04885')
        INSERT [competitions].[CompetitionRecipients] ([CompetitionId], [OdsCode]) VALUES (6, N'Y05620')
        INSERT [competitions].[CompetitionRecipients] ([CompetitionId], [OdsCode]) VALUES (6, N'Y05740')
        INSERT [competitions].[CompetitionRecipients] ([CompetitionId], [OdsCode]) VALUES (6, N'Y06490')
        INSERT [competitions].[CompetitionRecipients] ([CompetitionId], [OdsCode]) VALUES (6, N'Y06491')
        INSERT [competitions].[CompetitionRecipients] ([CompetitionId], [OdsCode]) VALUES (6, N'Y06492')
        INSERT [competitions].[CompetitionRecipients] ([CompetitionId], [OdsCode]) VALUES (6, N'Y06493')
        INSERT [competitions].[CompetitionRecipients] ([CompetitionId], [OdsCode]) VALUES (6, N'Y06896')
        INSERT [competitions].[CompetitionRecipients] ([CompetitionId], [OdsCode]) VALUES (7, N'B87003')
        INSERT [competitions].[CompetitionRecipients] ([CompetitionId], [OdsCode]) VALUES (7, N'B87020')
        INSERT [competitions].[CompetitionRecipients] ([CompetitionId], [OdsCode]) VALUES (7, N'B87021')
        INSERT [competitions].[CompetitionRecipients] ([CompetitionId], [OdsCode]) VALUES (7, N'B87025')
        INSERT [competitions].[CompetitionRecipients] ([CompetitionId], [OdsCode]) VALUES (7, N'B87044')
        INSERT [competitions].[CompetitionRecipients] ([CompetitionId], [OdsCode]) VALUES (7, N'Y01953')
        INSERT [competitions].[CompetitionRecipients] ([CompetitionId], [OdsCode]) VALUES (8, N'A99905')
        INSERT [competitions].[CompetitionRecipients] ([CompetitionId], [OdsCode]) VALUES (8, N'B83062')
        INSERT [competitions].[CompetitionRecipients] ([CompetitionId], [OdsCode]) VALUES (8, N'B83620')
        INSERT [competitions].[CompetitionRecipients] ([CompetitionId], [OdsCode]) VALUES (8, N'B83641')
        INSERT [competitions].[CompetitionRecipients] ([CompetitionId], [OdsCode]) VALUES (8, N'Y04346')
        INSERT [competitions].[CompetitionRecipients] ([CompetitionId], [OdsCode]) VALUES (8, N'Y04347')
        INSERT [competitions].[CompetitionRecipients] ([CompetitionId], [OdsCode]) VALUES (8, N'Y05798')
        INSERT [competitions].[CompetitionRecipients] ([CompetitionId], [OdsCode]) VALUES (8, N'Y05799')
        INSERT [competitions].[CompetitionRecipients] ([CompetitionId], [OdsCode]) VALUES (8, N'Y06862')
        INSERT [competitions].[CompetitionRecipients] ([CompetitionId], [OdsCode]) VALUES (8, N'Y07199')
    END

    INSERT [competitions].[RequiredServices] ([CompetitionId], [SolutionId], [ServiceId]) VALUES (1, N'10000-001', N'10000-001A003')
    INSERT [competitions].[RequiredServices] ([CompetitionId], [SolutionId], [ServiceId]) VALUES (1, N'10000-001', N'10000-001A005')
    INSERT [competitions].[RequiredServices] ([CompetitionId], [SolutionId], [ServiceId]) VALUES (2, N'10000-001', N'10000-001A003')
    INSERT [competitions].[RequiredServices] ([CompetitionId], [SolutionId], [ServiceId]) VALUES (2, N'10000-001', N'10000-001A005')
    INSERT [competitions].[RequiredServices] ([CompetitionId], [SolutionId], [ServiceId]) VALUES (3, N'10000-001', N'10000-001A003')
    INSERT [competitions].[RequiredServices] ([CompetitionId], [SolutionId], [ServiceId]) VALUES (3, N'10000-001', N'10000-001A005')
    INSERT [competitions].[RequiredServices] ([CompetitionId], [SolutionId], [ServiceId]) VALUES (4, N'10000-001', N'10000-001A003')
    INSERT [competitions].[RequiredServices] ([CompetitionId], [SolutionId], [ServiceId]) VALUES (4, N'10000-001', N'10000-001A005')
    INSERT [competitions].[RequiredServices] ([CompetitionId], [SolutionId], [ServiceId]) VALUES (5, N'10000-001', N'10000-001A003')
    INSERT [competitions].[RequiredServices] ([CompetitionId], [SolutionId], [ServiceId]) VALUES (5, N'10000-001', N'10000-001A005')
    INSERT [competitions].[RequiredServices] ([CompetitionId], [SolutionId], [ServiceId]) VALUES (6, N'10000-001', N'10000-001A003')
    INSERT [competitions].[RequiredServices] ([CompetitionId], [SolutionId], [ServiceId]) VALUES (6, N'10000-001', N'10000-001A005')
    INSERT [competitions].[RequiredServices] ([CompetitionId], [SolutionId], [ServiceId]) VALUES (7, N'10000-001', N'10000-001A003')
    INSERT [competitions].[RequiredServices] ([CompetitionId], [SolutionId], [ServiceId]) VALUES (7, N'10000-001', N'10000-001A005')
    INSERT [competitions].[RequiredServices] ([CompetitionId], [SolutionId], [ServiceId]) VALUES (8, N'10000-001', N'10000-001A003')
    INSERT [competitions].[RequiredServices] ([CompetitionId], [SolutionId], [ServiceId]) VALUES (8, N'10000-001', N'10000-001A005')

END
GO
